BH,A,B,C,D,E,F,G,H,I,YYYY
1,1,2,3,4,5,6,7,8,9,10
2,2,3,4,5,6,7,8,9,10,11
3,3,4,5,6,7,8,9,10,11,12
4,4,5,6,7,8,9,10,11,12,13
5,5,6,7,8,9,10,11,12,13,14
6,6,7,8,9,10,11,12,13,14,15
7,7,8,9,10,11,12,13,14,15,16
8,8,9,10,11,12,13,14,15,16,17
9,9,10,11,12,13,14,15,16,17,18
10,10,11,12,13,14,15,16,17,18,19
11,11,12,13,14,15,16,17,18,19,20
12,12,13,14,15,16,17,18,19,20,21
13,13,14,15,16,17,18,19,20,21,22
14,14,15,16,17,18,19,20,21,22,23
15,15,16,17,18,19,20,21,22,23,24
16,16,17,18,19,20,21,22,23,24,25
17,17,18,19,20,21,22,23,24,25,26
18,18,19,20,21,22,23,24,25,26,27
19,19,20,21,22,23,24,25,26,27,28
20,20,21,22,23,24,25,26,27,28,29
21,21,22,23,24,25,26,27,28,29,30
22,22,23,24,25,26,27,28,29,30,31
23,23,24,25,26,27,28,29,30,31,32
24,24,25,26,27,28,29,30,31,32,33
25,25,26,27,28,29,30,31,32,33,34
26,26,27,28,29,30,31,32,33,34,35
27,27,28,29,30,31,32,33,34,35,36
28,28,29,30,31,32,33,34,35,36,37
29,29,30,31,32,33,34,35,36,37,38
30,30,31,32,33,34,35,36,37,38,39
31,31,32,33,34,35,36,37,38,39,40
32,32,33,34,35,36,37,38,39,40,41
33,33,34,35,36,37,38,39,40,41,42
34,34,35,36,37,38,39,40,41,42,43
35,35,36,37,38,39,40,41,42,43,44
36,36,37,38,39,40,41,42,43,44,45
37,37,38,39,40,41,42,43,44,45,46
38,38,39,40,41,42,43,44,45,46,47
39,39,40,41,42,43,44,45,46,47,48
40,40,41,42,43,44,45,46,47,48,49
41,41,42,43,44,45,46,47,48,49,50
42,42,43,44,45,46,47,48,49,50,51
43,43,44,45,46,47,48,49,50,51,52
44,44,45,46,47,48,49,50,51,52,53
45,45,46,47,48,49,50,51,52,53,54
46,46,47,48,49,50,51,52,53,54,55
47,47,48,49,50,51,52,53,54,55,56
48,48,49,50,51,52,53,54,55,56,57
49,49,50,51,52,53,54,55,56,57,58
50,50,51,52,53,54,55,56,57,58,59
51,51,52,53,54,55,56,57,58,59,60
52,52,53,54,55,56,57,58,59,60,61
53,53,54,55,56,57,58,59,60,61,62
54,54,55,56,57,58,59,60,61,62,63
55,55,56,57,58,59,60,61,62,63,64
56,56,57,58,59,60,61,62,63,64,65
57,57,58,59,60,61,62,63,64,65,66
58,58,59,60,61,62,63,64,65,66,67
59,59,60,61,62,63,64,65,66,67,68
60,60,61,62,63,64,65,66,67,68,69
61,61,62,63,64,65,66,67,68,69,70
62,62,63,64,65,66,67,68,69,70,71
63,63,64,65,66,67,68,69,70,71,72
64,64,65,66,67,68,69,70,71,72,73
65,65,66,67,68,69,70,71,72,73,74
66,66,67,68,69,70,71,72,73,74,75
67,67,68,69,70,71,72,73,74,75,76
68,68,69,70,71,72,73,74,75,76,77
69,69,70,71,72,73,74,75,76,77,78
70,70,71,72,73,74,75,76,77,78,79
71,71,72,73,74,75,76,77,78,79,80
72,72,73,74,75,76,77,78,79,80,81
73,73,74,75,76,77,78,79,80,81,82
74,74,75,76,77,78,79,80,81,82,83
75,75,76,77,78,79,80,81,82,83,84
76,76,77,78,79,80,81,82,83,84,85
77,77,78,79,80,81,82,83,84,85,86
78,78,79,80,81,82,83,84,85,86,87
79,79,80,81,82,83,84,85,86,87,88
80,80,81,82,83,84,85,86,87,88,89
81,81,82,83,84,85,86,87,88,89,90
82,82,83,84,85,86,87,88,89,90,91
83,83,84,85,86,87,88,89,90,91,92
84,84,85,86,87,88,89,90,91,92,93
85,85,86,87,88,89,90,91,92,93,94
86,86,87,88,89,90,91,92,93,94,95
87,87,88,89,90,91,92,93,94,95,96
88,88,89,90,91,92,93,94,95,96,97
89,89,90,91,92,93,94,95,96,97,98
90,90,91,92,93,94,95,96,97,98,99
91,91,92,93,94,95,96,97,98,99,100
92,92,93,94,95,96,97,98,99,100,101
93,93,94,95,96,97,98,99,100,101,102
94,94,95,96,97,98,99,100,101,102,103
95,95,96,97,98,99,100,101,102,103,104
96,96,97,98,99,100,101,102,103,104,105
97,97,98,99,100,101,102,103,104,105,106
98,98,99,100,101,102,103,104,105,106,107
99,99,100,101,102,103,104,105,106,107,108
100,100,101,102,103,104,105,106,107,108,109
101,101,102,103,104,105,106,107,108,109,110
102,102,103,104,105,106,107,108,109,110,111
103,103,104,105,106,107,108,109,110,111,112
104,104,105,106,107,108,109,110,111,112,113
105,105,106,107,108,109,110,111,112,113,114
106,106,107,108,109,110,111,112,113,114,115
107,107,108,109,110,111,112,113,114,115,116
108,108,109,110,111,112,113,114,115,116,117
109,109,110,111,112,113,114,115,116,117,118
110,110,111,112,113,114,115,116,117,118,119
111,111,112,113,114,115,116,117,118,119,120
112,112,113,114,115,116,117,118,119,120,121
113,113,114,115,116,117,118,119,120,121,122
114,114,115,116,117,118,119,120,121,122,123
115,115,116,117,118,119,120,121,122,123,124
116,116,117,118,119,120,121,122,123,124,125
117,117,118,119,120,121,122,123,124,125,126
118,118,119,120,121,122,123,124,125,126,127
119,119,120,121,122,123,124,125,126,127,128
120,120,121,122,123,124,125,126,127,128,129
121,121,122,123,124,125,126,127,128,129,130
122,122,123,124,125,126,127,128,129,130,131
123,123,124,125,126,127,128,129,130,131,132
124,124,125,126,127,128,129,130,131,132,133
125,125,126,127,128,129,130,131,132,133,134
126,126,127,128,129,130,131,132,133,134,135
127,127,128,129,130,131,132,133,134,135,136
128,128,129,130,131,132,133,134,135,136,137
129,129,130,131,132,133,134,135,136,137,138
130,130,131,132,133,134,135,136,137,138,139
131,131,132,133,134,135,136,137,138,139,140
132,132,133,134,135,136,137,138,139,140,141
133,133,134,135,136,137,138,139,140,141,142
134,134,135,136,137,138,139,140,141,142,143
135,135,136,137,138,139,140,141,142,143,144
136,136,137,138,139,140,141,142,143,144,145
137,137,138,139,140,141,142,143,144,145,146
138,138,139,140,141,142,143,144,145,146,147
139,139,140,141,142,143,144,145,146,147,148
140,140,141,142,143,144,145,146,147,148,149
141,141,142,143,144,145,146,147,148,149,150
142,142,143,144,145,146,147,148,149,150,151
143,143,144,145,146,147,148,149,150,151,152
144,144,145,146,147,148,149,150,151,152,153
145,145,146,147,148,149,150,151,152,153,154
146,146,147,148,149,150,151,152,153,154,155
147,147,148,149,150,151,152,153,154,155,156
148,148,149,150,151,152,153,154,155,156,157
149,149,150,151,152,153,154,155,156,157,158
150,150,151,152,153,154,155,156,157,158,159
151,151,152,153,154,155,156,157,158,159,160
152,152,153,154,155,156,157,158,159,160,161
153,153,154,155,156,157,158,159,160,161,162
154,154,155,156,157,158,159,160,161,162,163
155,155,156,157,158,159,160,161,162,163,164
156,156,157,158,159,160,161,162,163,164,165
157,157,158,159,160,161,162,163,164,165,166
158,158,159,160,161,162,163,164,165,166,167
159,159,160,161,162,163,164,165,166,167,168
160,160,161,162,163,164,165,166,167,168,169
161,161,162,163,164,165,166,167,168,169,170
162,162,163,164,165,166,167,168,169,170,171
163,163,164,165,166,167,168,169,170,171,172
164,164,165,166,167,168,169,170,171,172,173
165,165,166,167,168,169,170,171,172,173,174
166,166,167,168,169,170,171,172,173,174,175
167,167,168,169,170,171,172,173,174,175,176
168,168,169,170,171,172,173,174,175,176,177
169,169,170,171,172,173,174,175,176,177,178
170,170,171,172,173,174,175,176,177,178,179
171,171,172,173,174,175,176,177,178,179,180
172,172,173,174,175,176,177,178,179,180,181
173,173,174,175,176,177,178,179,180,181,182
174,174,175,176,177,178,179,180,181,182,183
175,175,176,177,178,179,180,181,182,183,184
176,176,177,178,179,180,181,182,183,184,185
177,177,178,179,180,181,182,183,184,185,186
178,178,179,180,181,182,183,184,185,186,187
179,179,180,181,182,183,184,185,186,187,188
180,180,181,182,183,184,185,186,187,188,189
181,181,182,183,184,185,186,187,188,189,190
182,182,183,184,185,186,187,188,189,190,191
183,183,184,185,186,187,188,189,190,191,192
184,184,185,186,187,188,189,190,191,192,193
185,185,186,187,188,189,190,191,192,193,194
186,186,187,188,189,190,191,192,193,194,195
187,187,188,189,190,191,192,193,194,195,196
188,188,189,190,191,192,193,194,195,196,197
189,189,190,191,192,193,194,195,196,197,198
190,190,191,192,193,194,195,196,197,198,199
191,191,192,193,194,195,196,197,198,199,200
192,192,193,194,195,196,197,198,199,200,201
193,193,194,195,196,197,198,199,200,201,202
194,194,195,196,197,198,199,200,201,202,203
195,195,196,197,198,199,200,201,202,203,204
196,196,197,198,199,200,201,202,203,204,205
197,197,198,199,200,201,202,203,204,205,206
198,198,199,200,201,202,203,204,205,206,207
199,199,200,201,202,203,204,205,206,207,208
200,200,201,202,203,204,205,206,207,208,209
201,201,202,203,204,205,206,207,208,209,210
202,202,203,204,205,206,207,208,209,210,211
203,203,204,205,206,207,208,209,210,211,212
204,204,205,206,207,208,209,210,211,212,213
205,205,206,207,208,209,210,211,212,213,214
206,206,207,208,209,210,211,212,213,214,215
207,207,208,209,210,211,212,213,214,215,216
208,208,209,210,211,212,213,214,215,216,217
209,209,210,211,212,213,214,215,216,217,218
210,210,211,212,213,214,215,216,217,218,219
211,211,212,213,214,215,216,217,218,219,220
212,212,213,214,215,216,217,218,219,220,221
213,213,214,215,216,217,218,219,220,221,222
214,214,215,216,217,218,219,220,221,222,223
215,215,216,217,218,219,220,221,222,223,224
216,216,217,218,219,220,221,222,223,224,225
217,217,218,219,220,221,222,223,224,225,226
218,218,219,220,221,222,223,224,225,226,227
219,219,220,221,222,223,224,225,226,227,228
220,220,221,222,223,224,225,226,227,228,229
221,221,222,223,224,225,226,227,228,229,230
222,222,223,224,225,226,227,228,229,230,231
223,223,224,225,226,227,228,229,230,231,232
224,224,225,226,227,228,229,230,231,232,233
225,225,226,227,228,229,230,231,232,233,234
226,226,227,228,229,230,231,232,233,234,235
227,227,228,229,230,231,232,233,234,235,236
228,228,229,230,231,232,233,234,235,236,237
229,229,230,231,232,233,234,235,236,237,238
230,230,231,232,233,234,235,236,237,238,239
231,231,232,233,234,235,236,237,238,239,240
232,232,233,234,235,236,237,238,239,240,241
233,233,234,235,236,237,238,239,240,241,242
234,234,235,236,237,238,239,240,241,242,243
235,235,236,237,238,239,240,241,242,243,244
236,236,237,238,239,240,241,242,243,244,245
237,237,238,239,240,241,242,243,244,245,246
238,238,239,240,241,242,243,244,245,246,247
239,239,240,241,242,243,244,245,246,247,248
240,240,241,242,243,244,245,246,247,248,249
241,241,242,243,244,245,246,247,248,249,250
242,242,243,244,245,246,247,248,249,250,251
243,243,244,245,246,247,248,249,250,251,252
244,244,245,246,247,248,249,250,251,252,253
245,245,246,247,248,249,250,251,252,253,254
246,246,247,248,249,250,251,252,253,254,255
247,247,248,249,250,251,252,253,254,255,256
248,248,249,250,251,252,253,254,255,256,257
249,249,250,251,252,253,254,255,256,257,258
250,250,251,252,253,254,255,256,257,258,259
251,251,252,253,254,255,256,257,258,259,260
252,252,253,254,255,256,257,258,259,260,261
253,253,254,255,256,257,258,259,260,261,262
254,254,255,256,257,258,259,260,261,262,263
255,255,256,257,258,259,260,261,262,263,264
256,256,257,258,259,260,261,262,263,264,265
257,257,258,259,260,261,262,263,264,265,266
258,258,259,260,261,262,263,264,265,266,267
259,259,260,261,262,263,264,265,266,267,268
260,260,261,262,263,264,265,266,267,268,269
261,261,262,263,264,265,266,267,268,269,270
262,262,263,264,265,266,267,268,269,270,271
263,263,264,265,266,267,268,269,270,271,272
264,264,265,266,267,268,269,270,271,272,273
265,265,266,267,268,269,270,271,272,273,274
266,266,267,268,269,270,271,272,273,274,275
267,267,268,269,270,271,272,273,274,275,276
268,268,269,270,271,272,273,274,275,276,277
269,269,270,271,272,273,274,275,276,277,278
270,270,271,272,273,274,275,276,277,278,279
271,271,272,273,274,275,276,277,278,279,280
272,272,273,274,275,276,277,278,279,280,281
273,273,274,275,276,277,278,279,280,281,282
274,274,275,276,277,278,279,280,281,282,283
275,275,276,277,278,279,280,281,282,283,284
276,276,277,278,279,280,281,282,283,284,285
277,277,278,279,280,281,282,283,284,285,286
278,278,279,280,281,282,283,284,285,286,287
279,279,280,281,282,283,284,285,286,287,288
280,280,281,282,283,284,285,286,287,288,289
281,281,282,283,284,285,286,287,288,289,290
282,282,283,284,285,286,287,288,289,290,291
283,283,284,285,286,287,288,289,290,291,292
284,284,285,286,287,288,289,290,291,292,293
285,285,286,287,288,289,290,291,292,293,294
286,286,287,288,289,290,291,292,293,294,295
287,287,288,289,290,291,292,293,294,295,296
288,288,289,290,291,292,293,294,295,296,297
289,289,290,291,292,293,294,295,296,297,298
290,290,291,292,293,294,295,296,297,298,299
291,291,292,293,294,295,296,297,298,299,300
292,292,293,294,295,296,297,298,299,300,301
293,293,294,295,296,297,298,299,300,301,302
294,294,295,296,297,298,299,300,301,302,303
295,295,296,297,298,299,300,301,302,303,304
296,296,297,298,299,300,301,302,303,304,305
297,297,298,299,300,301,302,303,304,305,306
298,298,299,300,301,302,303,304,305,306,307
299,299,300,301,302,303,304,305,306,307,308
300,300,301,302,303,304,305,306,307,308,309
